Jitter_rel,Jitter_abs,Jitter_RAP,Jitter_PPQ,Shim_loc,Shim_dB,Shim_APQ3,Shim_APQ5,HNR05,HNR15,HNR25,HNR35,HNR38,Shi_APQ11,RPDE,DFA,PPE,GNE,MFCC0,MFCC1,MFCC2,MFCC3,MFCC4,MFCC5,MFCC6,MFCC7,MFCC8,MFCC9,MFCC10,MFCC11,MFCC12,Delta0,Delta1,Delta2,Delta3,Delta4,Delta5,Delta6,Delta7,Delta8,Delta9,Delta10,Delta11,Delta12,label,filename
0.004124397411750264,3.1244109318097734e-05,0.002000968672096985,0.002159668557222819,0.04822554194604092,0.4202297272033892,0.027355310199185655,0.031222218166202024,17.109777791301468,17.109777791301468,17.109777791301468,17.109777791301468,17.109777791301468,0.039888619263208795,0.3106,0.6136,0.2815,0.918,-313.45905,193.26642,-155.61526,-31.016056,-9.372673,-70.36297,16.230753,-0.7117396,-44.267117,14.953715,1.8165102,-12.947398,20.760794,-0.10502926,-0.8081682,0.27493137,-0.03805664,-0.18436667,0.09378561,-0.097617224,-0.113222055,0.02259517,-0.054567326,0.03013065,0.06675371,-0.043999925,0,AH_064F_7AB034C9-72E4-438B-A9B3-AD7FDA1596C5.wav
0.006111731284510233,5.3307132528767484e-05,0.0032265938228972337,0.0038171996136419422,0.11241408012766176,0.9728674051009477,0.05668846080746154,0.07108591991083325,12.113368673470859,12.113368673470859,12.113368673470859,12.113368673470859,12.113368673470859,0.10070382368448894,0.3106,0.6136,0.2815,0.918,-336.55692,214.56857,-126.48721,-27.846378,-0.9967899,-62.092808,4.5247016,1.3525898,-33.87108,5.8460374,-4.1181207,-14.697165,9.303415,-0.06895809,-0.31424016,0.45428175,0.105867006,0.11359346,0.31623128,-0.21297315,-0.16736788,0.10408364,-0.15185744,-0.09669183,0.018213334,-0.09096312,0,AH_114S_A89F3548-0B61-4770-B800-2E26AB3908B6.wav
0.005002110665052329,2.136141747900761e-05,0.0029069908806910573,0.0029729367714829047,0.05472459178465217,0.4943833635429968,0.02956497049722159,0.036653930880173304,17.96286204370261,17.96286204370261,17.96286204370261,17.96286204370261,17.96286204370261,0.049246168755946736,0.3106,0.6136,0.2815,0.918,-352.1918,190.83519,-129.6718,-16.343187,0.3781827,-61.19468,17.627453,5.444711,-40.221798,6.600265,-5.300303,-25.946417,0.038603406,-0.22845586,-0.26109475,0.6199749,0.26741612,-0.10540558,0.10573149,-0.033434413,-0.1320738,0.0009561508,-0.030229574,-0.0035408745,0.057342887,0.000551043,0,AH_121A_BD5BA248-E807-4CB9-8B53-47E7FFE5F8E2.wav
0.003484486330131194,3.3869685737601926e-05,0.00183092739320924,0.0020049716864212644,0.08119558838045306,0.701638152295687,0.04520696317810294,0.05138779695362892,12.089870236327892,12.089870236327892,12.089870236327892,12.089870236327892,12.089870236327892,0.06031570267075785,0.3106,0.6136,0.2815,0.918,-312.46158,221.11882,-140.06248,-12.525744,2.9616644,-71.9568,15.62958,6.16776,-43.143063,8.569371,0.1028393,-15.148993,7.581462,-0.07614504,-0.12678629,-0.038181458,-0.14350472,0.0100002205,0.22053756,0.061080445,-0.018499648,0.062446624,-0.053318694,-0.050885458,0.05915055,0.015781265,0,AH_123G_559F0706-2238-447C-BA39-DB5933BA619D.wav
0.004599216034210544,4.1231353778864486e-05,0.0021232235664167777,0.002685974931999858,0.07948018367932395,0.6863241913891813,0.04271046712880084,0.052229634568379965,13.199187998032622,13.199187998032622,13.199187998032622,13.199187998032622,13.199187998032622,0.06691473377785233,0.3106,0.6136,0.2815,0.918,-344.18555,181.48642,-147.40903,-24.831583,-13.154981,-72.977486,27.125563,12.750797,-50.24853,5.319799,7.351137,-15.309278,10.504176,-0.74133027,-0.05059982,0.07759943,0.06686162,-0.025948158,0.041720904,-0.0011127152,-0.05807003,-0.03215318,-0.057788033,-0.014459165,0.06625512,0.04293799,0,AH_195B_39DA6A45-F4CC-492A-80D4-FB79049ACC22.wav
0.0041240622408772265,3.601128472991653e-05,0.00223374896311223,0.002505865036329282,0.05439378014032511,0.6083289206915541,0.027605796842647926,0.03317988996698209,17.358898663658465,17.358898663658465,17.358898663658465,17.358898663658465,17.358898663658465,0.046348423842032006,0.3106,0.6136,0.2815,0.918,-323.94855,204.24599,-154.82097,-27.823366,-4.244205,-70.922195,22.640955,13.176072,-46.1742,3.676203,-0.12584639,-17.252146,13.078022,0.3020526,-0.2221135,-0.2555104,-0.18599169,-0.1364947,-0.00717609,0.0656123,0.04832672,-0.008349189,-0.0055534677,0.052703604,0.03277777,0.015718108,0,AH_197T_7552379A-2310-46E1-9466-9D8045C990B8.wav
0.015332671347069384,0.00015339698100620808,0.00783822197384548,0.006566785324546529,0.126329231369901,1.1310830850247633,0.05926398554900728,0.08453282482578724,8.655875766809805,8.655875766809805,8.655875766809805,8.655875766809805,8.655875766809805,0.1064802748626711,0.3106,0.6136,0.2815,0.918,-324.94095,204.89326,-159.14792,-42.099327,-26.66824,-94.586,0.45462182,-1.5594038,-49.531204,2.612277,-4.171808,-16.22512,21.985977,-0.82032114,0.77575535,-0.7690691,0.02835279,0.20296949,-0.1388966,0.058503617,-0.115383364,-0.18475962,0.03290041,-0.14308053,-0.1460067,0.016227612,0,AH_222K_FC9D2763-1836-460B-954F-37F23D6CD81D.wav
0.002303454697175898,1.2224627999797098e-05,0.0010464047917370164,0.0011266461366339355,0.04266923010812357,0.3702431114316556,0.021293116505673164,0.02781524620818943,20.062265804848664,20.062265804848664,20.062265804848664,20.062265804848664,20.062265804848664,0.04062096513958208,0.3106,0.6136,0.2815,0.918,-349.4188,118.24674,-157.66922,-29.530594,7.7457986,-42.5794,21.401407,-2.7586021,-46.03316,13.776598,10.157448,-17.815681,6.3860598,-0.22929806,-0.4546141,0.2428465,-0.06488491,-0.03317784,0.2057587,-0.10914466,-0.122577034,0.11391756,0.038930465,-0.010371574,-0.043333735,-0.0760523,0,AH_264Z_593C20CD-0A54-4177-B031-26EE147080A3.wav
0.0066565397916685635,7.411127614124195e-05,0.00266609206532459,0.0030789597674449254,0.12860562911610815,1.2581204717347416,0.05012516403817971,0.072953062667917,9.318516608096798,9.318516608096798,9.318516608096798,9.318516608096798,9.318516608096798,0.09533498186759211,0.3106,0.6136,0.2815,0.918,-361.7552,195.46373,-100.20283,-24.876629,-18.611755,-55.082565,30.856314,18.60691,-31.409737,3.121855,-7.174277,-19.738031,7.993682,-1.1249638,-0.8937784,0.8250086,0.26958376,-0.14210495,0.12355054,-0.0989837,-0.03408634,0.16772325,-0.059738897,0.029084641,0.082109034,-0.04584953,0,AH_292J_201CB911-31C1-4CD0-BD73-4FBA4A16C21F.wav
0.004484076170546437,4.544489254941612e-05,0.002448136420401345,0.002586077681343735,0.05536454579241846,0.5141735330027685,0.02965655365062568,0.03525359167816024,17.098136002590717,17.098136002590717,17.098136002590717,17.098136002590717,17.098136002590717,0.044692726394064956,0.3106,0.6136,0.2815,0.918,-350.19617,210.81172,-114.69132,-27.543575,-32.09519,-92.90454,7.9443855,20.327562,-27.778275,2.3534925,-6.1320963,-13.720408,12.597487,-0.62823695,0.3133288,-0.012572111,0.0336451,-0.0627635,-0.036433693,0.041123923,-0.03406647,-0.045616206,-0.017794205,-0.049099226,-0.024786646,0.0073625175,0,AH_322A_C3BF5535-A11E-498E-94EB-BE7E74099FFB.wav
0.00425532409841825,2.288028089021105e-05,0.0025354390505052953,0.002535329085551325,0.0498177944143346,0.4377974878108244,0.027840332866498462,0.03142750637303143,18.034747324403018,18.034747324403018,18.034747324403018,18.034747324403018,18.034747324403018,0.03763387373011199,0.3106,0.6136,0.2815,0.918,-314.97995,172.34972,-170.29523,-38.029232,11.57881,-50.233185,15.425909,3.1048782,-40.565758,13.544001,6.7775793,-26.116182,-3.7267995,0.21287456,-0.6139979,0.3048503,0.118655935,0.051738497,0.20364869,-0.14481242,-0.0011960216,0.19065638,-0.1092229,-0.06600829,0.07261439,-0.053279318,0,AH_325A_3EB21DC7-C340-4D0E-AC9E-0EABF217BBEE.wav
0.0058517737233371595,3.211747784027455e-05,0.003387224129366688,0.003631645549995145,0.06246411218109622,0.5480450599466407,0.03409944354238493,0.04063040775855869,14.860243436263275,14.860243436263275,14.860243436263275,14.860243436263275,14.860243436263275,0.048636060821695797,0.3106,0.6136,0.2815,0.918,-317.95538,208.09262,-155.61024,-21.362038,25.585247,-48.238106,6.586164,-6.8707595,-38.192238,16.566624,-3.6762235,-32.52009,1.7292725,-0.3078743,0.2678493,0.12135013,0.0898681,-0.15324403,-0.069931,0.03493094,-0.13239962,-0.010773931,0.03239958,-0.122104876,-0.04189313,0.006880624,0,AH_325J_7F5F27AA-5A93-43CF-AB17-FC53940BF4B0.wav
0.01979888790874583,8.211710654176048e-05,0.011018973431034234,0.012612995882492999,0.17367483913683054,1.5008278661257766,0.09273194246087203,0.10895891653587546,7.722742020943475,7.722742020943475,7.722742020943475,7.722742020943475,7.722742020943475,0.14069970625850503,0.3106,0.6136,0.2815,0.918,-329.7489,193.96475,-125.83603,-30.879236,-23.487446,-79.16234,10.563196,7.8337913,-35.508915,15.0922165,8.439436,-16.818867,6.4140787,-0.5143953,-0.35119194,0.54336935,0.115173005,-0.13822974,0.014781901,-0.2351895,-0.074621096,0.19600525,-0.013171114,-0.038846042,0.06019141,-0.02019789,0,AH_333L_6C551A6E-CC47-410E-AA49-2DC0A86E6489.wav
0.006882125441247227,3.435510437647683e-05,0.0039229098990526705,0.0043160882194838894,0.13055981949469303,1.161614748010066,0.0688499161047564,0.08248555726992327,10.618718175698737,10.618718175698737,10.618718175698737,10.618718175698737,10.618718175698737,0.10317614557359606,0.3106,0.6136,0.2815,0.918,-286.62885,145.87492,-154.9406,-26.393463,-11.571564,-68.782074,31.516588,20.657925,-44.565666,4.2028046,1.4274291,-27.158562,3.3903174,-0.061883382,0.25637737,0.09764889,-0.03978683,-0.14664748,-0.05618892,-0.03345699,-0.031734407,0.07569275,0.01296824,-0.11132505,-0.081069894,-0.019990927,0,AH_378G_3C2A05CE-36E4-4956-8FC2-0494B27D3EA8.wav
0.00619265699204697,2.8165962213527266e-05,0.0030561052064050826,0.0033298125781230127,0.07854597833486385,0.7153416712806298,0.03918962271512286,0.05670998002590804,15.325750059145573,15.325750059145573,15.325750059145573,15.325750059145573,15.325750059145573,0.07548284190916126,0.3106,0.6136,0.2815,0.918,-313.69708,174.94922,-138.58388,-44.740513,-2.4460883,-32.60927,24.312614,-6.1670113,-36.227898,18.082367,-3.1295547,-29.682533,-0.43339378,-1.2252699,-0.77789515,0.73850995,0.036489904,-0.040113945,0.36814117,-0.32339272,-0.36874968,-0.020086763,-0.110979356,0.114049815,0.029716788,-0.3402795,0,AH_420J_07C96C2C-6E96-4A2F-BEC9-5CB71DB309B6.wav
0.0042769410897030005,2.425215437546624e-05,0.002430476805768013,0.0025250477692188573,0.040809520348409525,0.35565616053252197,0.020641065616477605,0.026338297497116442,17.90583128599487,17.90583128599487,17.90583128599487,17.90583128599487,17.90583128599487,0.035240800022926254,0.3106,0.6136,0.2815,0.918,-350.23627,186.21048,-129.78891,-21.454874,-1.517513,-53.902016,21.785744,-1.1563733,-42.92981,19.258049,5.5138073,-27.154356,1.6531763,-0.52700675,-0.3157563,0.3221389,0.14459753,-0.016979849,0.063549004,-0.034218717,-0.0303823,0.035324953,-0.03984639,0.022508964,0.07210316,0.013338951,0,AH_444B_E1586F09-1BF5-408D-A55E-96D9E8B76A43.wav
0.003782418930841234,2.7416107267940275e-05,0.001962305887891331,0.002073653963221344,0.03463532538522451,0.30396461542783815,0.018984235343808425,0.02255598571319834,18.131083366734696,18.131083366734696,18.131083366734696,18.131083366734696,18.131083366734696,0.026499100630122664,0.3106,0.6136,0.2815,0.918,-305.73306,183.29796,-177.69911,-24.655025,2.6360517,-62.252563,30.980062,2.6904902,-48.768353,22.48838,4.0926843,-29.939384,4.0947833,-0.0014368428,-1.0716758,0.5789449,0.3508364,-0.06638683,0.15140067,-0.15134686,-0.09066885,-0.008907179,-0.16474393,0.11985561,0.1409647,-0.07607917,0,AH_456K_CBF60DD0-82AA-430E-A5E9-E1D3AE175CCB.wav
0.011649282087601532,0.00011226223716644575,0.006616062427552952,0.007149223749081313,0.13491418295453447,1.1875628481002827,0.07099386686619727,0.08952271159632987,11.087804711574956,11.087804711574956,11.087804711574956,11.087804711574956,11.087804711574956,0.11273987930644597,0.3106,0.6136,0.2815,0.918,-335.4063,198.2344,-113.29711,-0.53225243,-31.183136,-97.35701,27.211725,16.063038,-40.333492,20.48933,-2.5265076,-25.040152,29.33893,-0.99318606,0.3842593,-0.16614296,0.07749041,-0.04661949,-0.21031158,0.009096905,-0.021101946,-0.12216485,0.003995929,0.031698555,-0.037013326,0.026025863,0,AH_469Z_5BB05B2C-39C4-434D-9445-244E7580F840.wav
0.004590471220673991,2.3204366720583262e-05,0.0025682773961485917,0.0026512653054447345,0.047273706405175794,0.41256491550742597,0.025441875810473302,0.029740235757600115,17.053412314108325,17.053412314108325,17.053412314108325,17.053412314108325,17.053412314108325,0.040978738553480915,0.3106,0.6136,0.2815,0.918,-347.37308,167.02142,-134.5913,-13.721321,11.922676,-62.57299,-3.7599714,4.462711,-14.787579,17.374361,-17.800888,-34.36362,8.049441,-0.9169537,0.23859519,0.19945312,0.14031905,-0.09058526,-0.051161893,0.01088361,-0.10820823,0.042321064,0.13893059,-0.013928387,-0.06772546,-0.0077433186,0,AH_473R_E4947FD3-23C1-44F1-BCE4-DC59D8269FDE.wav
0.004208195071623274,3.601162786414501e-05,0.0019457960032527469,0.0026750445514127073,0.067337755547194,0.6084161734557398,0.033384842962517154,0.04382429671513835,15.372662615336376,15.372662615336376,15.372662615336376,15.372662615336376,15.372662615336376,0.06297706080055882,0.3106,0.6136,0.2815,0.918,-324.22916,208.89589,-155.41783,-37.744755,13.020037,-42.983845,14.921884,-5.2431784,-38.179913,21.433126,6.7091484,-22.356604,4.354461,0.014600776,-0.10046518,0.1424568,-0.025730444,0.018815154,0.18246886,0.04489752,-0.089877464,0.071684085,0.08261057,-0.06689657,-0.050080255,0.030380342,0,AH_501F_4BDDBB93-EA99-4B1C-AD7F-4D874F39FB0C.wav
0.003285264667250971,2.2423708581750497e-05,0.0015684905077617795,0.0018054107365617477,0.06819058350704092,0.5872275323358838,0.037127644481767266,0.04878594803640771,17.873479164270698,17.873479164270698,17.873479164270698,17.873479164270698,17.873479164270698,0.06562021378572563,0.3106,0.6136,0.2815,0.918,-332.1782,175.8143,-112.19461,-16.020372,-21.60928,-74.71971,12.508366,0.72823876,-35.807858,16.421589,2.4907813,-14.308305,8.583108,-1.0104929,-1.2766054,0.7880106,-0.24637866,-0.28016868,0.31060752,-0.17934708,0.008450019,0.19210431,-0.2885391,0.025737856,0.15272667,-0.1924448,0,AH_511K_DDC6D065-56B3-436B-9D08-73326C791B69.wav
0.005383461208175205,5.365376508159786e-05,0.0026108551662693226,0.003165601919829162,0.09363884398783795,0.8553922995513518,0.0472803735520619,0.05566818313969839,7.597124291328361,7.597124291328361,7.597124291328361,7.597124291328361,7.597124291328361,0.0841127662470237,0.3106,0.6136,0.2815,0.918,-299.30838,219.83784,-166.82216,-11.566639,12.438051,-65.83517,30.944757,4.5415087,-61.4282,7.454601,-0.80612046,-35.10427,-2.2180855,-0.45993993,-1.0894514,0.7894148,-0.017585909,-0.28286567,0.49134317,0.19067049,0.06338938,0.08358405,-0.16635936,0.048170313,0.06536258,-0.09415881,0,AH_523T_66147C3C-938A-4CF9-913E-5D49D72BD8B6.wav
0.008127276973760594,6.911675088825376e-05,0.004762851806551595,0.004929639752843611,0.1320254962152476,1.1515325232907372,0.07487715451714651,0.08542056931325197,9.414180985711383,9.414180985711383,9.414180985711383,9.414180985711383,9.414180985711383,0.10359290364492742,0.3106,0.6136,0.2815,0.918,-318.76886,218.64891,-129.87462,-21.217556,-17.263811,-78.1222,27.170006,15.343627,-50.242886,2.4577532,4.3976345,-16.089361,10.798714,-0.24659704,-0.26479656,0.85344625,-0.0173188,-0.17838281,0.25041366,-0.06283411,0.016478883,0.12243952,-0.21398793,-0.066202536,0.023136871,-0.1876211,0,AH_528T_6A746E6E-FB60-4363-842F-A7368A1E5B2C.wav
0.002717739047727934,1.2822860491913525e-05,0.0014945422728418803,0.0017484974188534032,0.04948624499918239,0.4256771375806148,0.025302354983141657,0.03310772625127326,20.829982010586498,20.829982010586498,20.829982010586498,20.829982010586498,20.829982010586498,0.050443986160272056,0.3106,0.6136,0.2815,0.918,-355.41367,156.04837,-126.950554,-38.431774,-15.291255,-42.569794,34.765903,9.121958,-40.603012,1.4759945,-6.9111266,-18.27495,9.6364355,-0.41110513,-0.3583665,0.5212883,0.06678367,-0.13061427,0.12429124,-0.024607258,0.041887484,0.12440972,-0.10016813,-0.020369101,0.11274191,-0.01227144,0,AH_538M_AE709CB7-1123-47F8-8BD2-000158BDBC01.wav
0.005489342605448802,2.9175407417845437e-05,0.0031786593394982176,0.0033948380215157903,0.11728381307288324,0.9898259537480424,0.06194405482787394,0.07650566378804406,11.611772157501658,11.611772157501658,11.611772157501658,11.611772157501658,11.611772157501658,0.09366635872013367,0.3106,0.6136,0.2815,0.918,-381.5121,177.75867,-118.72875,-9.736553,7.8801045,-51.785038,19.49785,2.7042165,-47.6298,5.868958,7.8878126,-21.304432,-4.5333776,-0.7293116,-0.82807267,0.58275723,0.29147857,0.029501602,0.24325633,-0.042137522,-0.006120819,0.21600215,-0.044068262,-0.059810136,0.11036201,0.036497083,0,AH_562E_151814F5-BB0F-44EF-9A22-FE2862FC3411.wav
0.02003529040471495,0.00012206208103267739,0.011202120546082382,0.012932773860033286,0.1514179545931195,1.3859226887135265,0.08005732041878501,0.10398401410868005,9.966096018406816,9.966096018406816,9.966096018406816,9.966096018406816,9.966096018406816,0.13991514237703728,0.3106,0.6136,0.2815,0.918,-313.14474,206.4875,-129.63292,-42.688477,-24.2458,-70.16691,11.865845,2.8769526,-42.60655,-0.0900044,1.7518811,-0.3278931,16.559723,-0.5528268,0.19833046,0.1760198,0.19832152,0.014614554,0.049105875,0.033128217,-0.08548025,-0.06987649,-0.07438044,-0.13627286,-0.1190085,-0.017000988,0,AH_569E_B26CCA1E-29AD-48DD-9947-48DB8A56CA31.wav
0.0031312521232804737,1.586399935836165e-05,0.0013572826262150735,0.0015098704012608993,0.04345083632002766,0.36640718621138224,0.019650206515852937,0.025085536969316816,20.32031357876554,20.32031357876554,20.32031357876554,20.32031357876554,20.32031357876554,0.04126954326844565,0.3106,0.6136,0.2815,0.918,-384.29324,144.44292,-124.75286,-30.058638,-10.695927,-52.709145,21.464705,7.4204526,-40.70325,2.9047124,-0.6208074,-22.306608,4.831357,-0.55276036,-0.75395846,0.5706959,0.29877627,0.10024004,0.24261856,-0.14179038,-0.1608431,0.0056049447,-0.011187201,0.17404203,0.10362406,-0.08853738,0,AH_596S_BBE9779F-C440-42D3-9C96-4CD6121D1F7E.wav
0.007589746918281279,3.8279186381971445e-05,0.0045022806115383295,0.004616741154022976,0.0814090109422688,0.7410148601140414,0.04172810158545359,0.0541234589549004,13.719737897315799,13.719737897315799,13.719737897315799,13.719737897315799,13.719737897315799,0.0703249873885825,0.3106,0.6136,0.2815,0.918,-349.37695,185.64183,-112.918755,-12.240833,1.6689215,-46.880177,31.472092,9.422899,-41.58388,5.3181543,-5.9109797,-25.664604,5.9940157,-0.25661233,-0.2519067,0.5432203,0.1504205,-0.06811448,0.111317076,-0.06142857,0.001789319,0.108877,-0.08216456,-0.044482004,0.05138696,-0.03187092,0,AH_619B_5CF9C4CA-31AA-4F22-8E57-8E53618CC224.wav
0.0055234191840856164,4.3775023020963486e-05,0.0026973281920033834,0.0031905725403170234,0.10537141355369996,0.9142065230582945,0.06016539979417794,0.06928441849379013,10.77041459435532,10.77041459435532,10.77041459435532,10.77041459435532,10.77041459435532,0.0780763070760791,0.3106,0.6136,0.2815,0.918,-305.6551,206.75024,-150.84482,-15.504666,1.0665846,-93.66214,-9.520748,5.824852,-44.11991,-13.482351,-15.501504,-10.818741,24.186914,-0.26373252,-0.2558526,-0.12767518,-0.095998205,-0.04368766,-0.046188287,-0.1508851,-0.11492612,-0.066163585,-0.16640057,-0.08891969,0.053090833,0.03969451,0,AH_621N_204CF3E2-1DA0-4908-A47F-78997B1BAFC2.wav
0.0034429177018877708,1.8673044401934043e-05,0.001976387929147157,0.001978334954465219,0.04526901667426001,0.39489734414374456,0.024405277226576844,0.030776587710732054,18.742188869001698,18.742188869001698,18.742188869001698,18.742188869001698,18.742188869001698,0.04119984405475771,0.3106,0.6136,0.2815,0.918,-358.062,178.33206,-126.66851,-36.2631,-13.753672,-48.502476,25.632793,-0.5843516,-41.448517,11.744667,-0.6748079,-20.222315,6.235981,-0.3018397,-0.39651728,0.30595386,0.044756018,-0.03271491,0.10456144,-0.10494782,-0.07835101,0.041855734,-0.04601324,0.009336051,0.029581117,-0.056456994,0,AH_667J_605FB4D5-E0DB-4B9B-8F58-784561C51693.wav
0.0034217974133824015,2.0916157414019144e-05,0.0019049347936598918,0.001870596990606911,0.053392340775078845,0.4390130488908558,0.028767902478038673,0.03608337739821731,17.739365785193154,17.739365785193154,17.739365785193154,17.739365785193154,17.739365785193154,0.05197476472114844,0.3106,0.6136,0.2815,0.918,-369.25803,139.67381,-121.56304,-32.734646,-27.990992,-62.51113,29.061941,14.850039,-37.681053,4.6489224,-0.69111675,-15.460164,13.993452,-0.42829207,-0.572764,0.10338682,0.017344482,-0.08467168,0.018578755,-0.15034011,-0.12239222,0.029044578,-0.022468517,0.031283673,0.056887764,3.2502103e-05,0,AH_678A_2E7AFA48-34C1-4DAD-A73C-95F7ABF6B138.wav
0.005178199222035522,2.6458866441105494e-05,0.0028692264838929282,0.002815725471218675,0.0714745516763161,0.6478383789692845,0.040097740520928585,0.045616087600438594,14.305082053181886,14.305082053181886,14.305082053181886,14.305082053181886,14.305082053181886,0.05143100536916564,0.3106,0.6136,0.2815,0.918,-331.88733,164.20334,-147.76067,-32.893784,-10.400456,-46.537304,37.572636,-1.7241533,-49.75133,15.140778,-4.0459332,-30.094627,7.751342,-0.6794858,-0.7250127,0.9478633,0.14746706,-0.13799974,0.53254664,0.009747528,-0.32318118,0.002714123,-0.042069085,0.0010157482,0.071267106,-0.09552749,0,AH_743R_66BD23F9-D685-4315-86F8-7697B5084F7B.wav
0.01112169317073052,9.59713838756572e-05,0.006020120011492399,0.006958071611025186,0.14487034121820933,1.313134853840849,0.06271335411701816,0.09113179190937716,7.662376759901587,7.662376759901587,7.662376759901587,7.662376759901587,7.662376759901587,0.12845102111120962,0.3106,0.6136,0.2815,0.918,-368.2343,230.23679,-94.93005,-0.15074849,-8.2556715,-66.185844,27.42915,9.6528,-39.892536,9.986373,-5.0878572,-17.631226,18.044558,-0.49516717,-1.8559126,1.1471694,-0.123769775,-0.3000012,0.48194563,-0.26145032,-0.05916714,0.43360704,-0.109774195,-0.030678352,0.09985677,-0.15148437,0,AH_753G_073DCC32-4397-4719-A019-DDD41F30F5F1.wav
0.005071301051486481,4.0664848430606406e-05,0.0024783127418634013,0.0026660413715687615,0.07359599838243609,0.6588848210118959,0.040622892979605266,0.04636407876767499,10.713155002674634,10.713155002674634,10.713155002674634,10.713155002674634,10.713155002674634,0.05987675931594403,0.3106,0.6136,0.2815,0.918,-343.64938,198.54074,-146.33014,10.044968,-21.844378,-102.749,41.425735,17.619816,-55.708485,19.381197,-8.923625,-44.727596,18.016054,-0.5312725,-0.39146203,0.2769222,-0.02789271,-0.14430982,0.14402676,0.01737274,-0.060999926,0.034455627,-0.0033669167,0.0014573225,0.014676404,-0.013469832,0,AH_777G_4C8ACC89-7FE2-4174-AE3A-B21B39A0C869.wav
0.006513137313173865,3.050132989230942e-05,0.0038246492558819804,0.003942787697292624,0.05580672810302871,0.4932516852184059,0.028913939646652016,0.038576626037082555,15.561800315811547,15.561800315811547,15.561800315811547,15.561800315811547,15.561800315811547,0.048426818883423615,0.3106,0.6136,0.2815,0.918,-345.37384,191.5162,-112.35853,-10.247001,-4.834433,-60.73701,19.761538,2.7699044,-39.22219,9.879259,-7.3054237,-25.628023,5.168296,-0.58081394,-0.51775795,0.59653574,0.21952114,0.0006273537,0.16393645,-0.020008493,-0.010104702,0.04291756,-0.12763323,-0.043545906,0.032700248,-0.0879866,0,AH_777R_A36CF7FA-37FD-483E-98FE-040942B1DF49.wav
0.003956384461520189,1.4402902947721752e-05,0.0021393653874884847,0.0025610812943208227,0.07814635798096375,0.7966991741756818,0.0338399792815054,0.05125684805284127,16.707797968293715,16.707797968293715,16.707797968293715,16.707797968293715,16.707797968293715,0.09016999837524503,0.3106,0.6136,0.2815,0.918,-336.0065,145.99309,-147.46011,-38.716694,2.9318488,-44.137028,3.2319305,-17.693892,-37.737206,20.380934,4.18473,-21.322992,3.1818767,-1.911634,-1.604219,1.0853643,0.24223295,-0.23035635,0.24953754,-0.24769667,-0.3635427,0.0047246707,0.0720391,0.36105266,0.32124615,-0.08922185,0,AH_789Y_20CB672C-5F66-425E-8707-BE5B7FF807E2.wav
0.005133283850220579,2.7467742631080396e-05,0.003013064636203213,0.0030942509619757484,0.07430539872177205,0.6601563417876354,0.03975194531281438,0.051438856914517134,12.981351233730305,12.981351233730305,12.981351233730305,12.981351233730305,12.981351233730305,0.06230962513809374,0.3106,0.6136,0.2815,0.918,-360.2822,206.46465,-167.43854,-5.7507343,36.54745,-59.82747,8.921178,7.904376,-38.85782,12.767586,3.4128733,-28.68606,-0.8235474,0.17889825,-0.9369392,0.42954776,-0.0034489592,-0.050687708,0.28008822,-0.11949365,-0.0025766673,0.21645588,-0.022527395,0.08766018,0.058119915,-0.1359861,0,AH_803T_66094C40-AE64-4AD3-AA97-B052C69DA3EF.wav
0.007999617571064004,4.472037853225541e-05,0.004672936845855066,0.004896722384218504,0.09335054021951228,0.8337484833289734,0.05098371835757425,0.060511930551096806,13.1453678948947,13.1453678948947,13.1453678948947,13.1453678948947,13.1453678948947,0.06991033499169906,0.3106,0.6136,0.2815,0.918,-374.24875,172.00648,-138.30632,-22.049032,4.782518,-58.71578,13.7983055,12.11119,-31.14032,8.57854,-0.36105052,-24.597832,-5.171353,-0.1663763,-0.49157023,0.34717062,0.050330836,-0.072139226,0.1272197,-0.09018531,-0.031129993,0.121925086,-0.027978193,0.005702806,0.031427506,-0.068504095,0,AH_821C_8F9D5EF0-18B2-4967-B36D-82E014792BC3.wav
0.01183344356423283,0.00013567167139065886,0.00593841204152165,0.007435142733052949,0.13696246621348052,1.2046616189176254,0.0696476124969146,0.09265513614843292,5.339417301855512,5.339417301855512,5.339417301855512,5.339417301855512,5.339417301855512,0.11785260266386657,0.3106,0.6136,0.2815,0.918,-298.51483,239.44307,-153.19252,-30.14971,13.035548,-51.82341,17.46614,2.9822903,-35.57858,17.880222,4.6755157,-14.936927,6.6324973,-1.1597978,-1.3835409,0.578049,-0.14530231,-0.09789093,0.59609246,-0.09732857,-0.19416988,0.17015818,-0.03050738,0.12110339,0.14330819,-0.1606692,0,AH_888A_7F1444B0-B12C-4B55-AF2A-463395DCAF3C.wav
0.003593988156727291,1.49915591463207e-05,0.0020531138263127444,0.0023133495758623874,0.05148697762701267,0.4692967545638585,0.02592773336229312,0.032013984790331663,17.831455082518794,17.831455082518794,17.831455082518794,17.831455082518794,17.831455082518794,0.046973203411796054,0.3106,0.6136,0.2815,0.918,-349.94025,151.38237,-111.0031,-4.4494762,-10.769379,-68.9287,25.55622,18.23614,-34.781624,11.042646,-2.92258,-33.87374,-0.48765212,-0.14063519,-0.7187372,0.48102856,0.028485516,-0.08577684,0.29943788,-0.060616374,-0.20914394,0.08209528,0.042203072,0.014351717,0.056224786,-0.069222994,0,AH_904H_85B22FC1-BA09-4A17-A374-B00B2445CD27.wav
0.006608844688618934,5.764663161326193e-05,0.002122487158312285,0.0028647205871996525,0.06547289598015435,0.5933020912418039,0.03265539774188458,0.04150366536123582,14.053358266061702,14.053358266061702,14.053358266061702,14.053358266061702,14.053358266061702,0.056113533140968445,0.3106,0.6136,0.2815,0.918,-349.5895,194.13972,-86.81937,-19.203314,-35.97437,-88.046936,0.4261603,3.5925891,-31.424206,6.181678,-6.823923,-15.362659,16.070698,-0.35130724,-0.48466483,0.64481914,-0.14331704,-0.4107796,0.17220825,-0.030454306,0.019821461,0.12125267,-0.253179,-0.032094333,0.18100041,-0.09560561,0,AH_942A_3F7867F3-1AE2-4BE6-B5EC-AC3157D310CF.wav
0.007592683292501037,6.009705458972052e-05,0.004398475062492562,0.0038656976581261156,0.07624745955206073,0.6799104704775848,0.041281672433504314,0.04796083189379646,8.146183629196472,8.146183629196472,8.146183629196472,8.146183629196472,8.146183629196472,0.067387817203516,0.3106,0.6136,0.2815,0.918,-304.90692,194.42422,-134.88359,-10.8404,6.032758,-66.96139,5.391314,-7.1721163,-40.689568,18.183931,0.73240787,-17.615019,17.618416,-0.08617953,-0.21048543,0.20187719,0.04904111,0.017370284,0.14270633,-0.05420525,-0.12241259,0.016118964,0.0007464886,-0.017779058,0.015526394,0.012812923,1,AH_545616858-3A749CBC-3FEB-4D35-820E-E45C3E5B9B6A.wav
0.005223608152835606,4.737250391753415e-05,0.0027266500195277745,0.0032655908261973216,0.12197977384102013,1.1143701018648362,0.0637190778180658,0.07988531795357745,11.337374789442068,11.337374789442068,11.337374789442068,11.337374789442068,11.337374789442068,0.09930886804544019,0.3106,0.6136,0.2815,0.918,-320.82632,215.11081,-106.74416,-6.024319,-15.1846485,-69.56527,30.668808,9.427579,-41.4935,15.412877,-2.5081847,-24.707844,12.8075485,-0.24439321,0.24085471,-0.07536147,-0.010682173,0.03595099,0.072829254,0.027151704,0.032002304,0.098028384,0.065046646,0.056414574,0.040765807,-0.04550363,1,AH_545622717-461DFFFE-54AF-42AF-BA78-528BD505D624.wav
0.0037352239118619806,1.5772733743579073e-05,0.0017511717190930344,0.0021866058356155094,0.07227753856395032,0.5288929562225652,0.032765361922057756,0.042711867915979036,16.44544854497271,16.44544854497271,16.44544854497271,16.44544854497271,16.44544854497271,0.044175171342559896,0.3106,0.6136,0.2815,0.918,-409.27185,117.18658,-118.003975,-37.43407,-17.29556,-38.744987,25.119484,-4.125995,-38.648285,13.653006,-0.40694436,-25.427643,3.6408374,-0.7678944,-1.1990882,0.50815326,-0.6245596,-0.4691176,0.50303483,0.00013538229,0.094778694,0.3856101,-0.15510568,0.04850568,0.33066776,-0.13230516,1,AH_545622718-C052AD58-5E6B-4ADC-855C-F76B66BAFA6E.wav
0.011037781213942605,4.177949746290999e-05,0.0057486720865385175,0.005986378016039074,0.11127385969588212,0.892976529265733,0.05626695977906052,0.06883942253139126,12.85937216789362,12.85937216789362,12.85937216789362,12.85937216789362,12.85937216789362,0.08942375631018924,0.3106,0.6136,0.2815,0.918,-360.9976,158.2084,-127.068054,-22.12441,-9.476252,-54.593063,26.123213,5.086218,-40.00394,9.3129635,-4.780467,-24.239822,6.6159787,-0.5803504,-0.29155266,0.45829543,0.11975413,-0.0012223771,0.14618316,-0.106405124,-0.080747135,0.060056835,-0.11389984,-0.06724278,0.045078315,-0.0810511,1,AH_545622719-52C23861-6E0D-41E0-A3D8-9358C28C019B.wav
0.003914491700238567,2.4258016032426408e-05,0.001980392852913818,0.002451073933307778,0.09603480668309551,0.9414351908594388,0.049526079855200064,0.06040150108118819,12.562227160416372,12.562227160416372,12.562227160416372,12.562227160416372,12.562227160416372,0.09310146766038388,0.3106,0.6136,0.2815,0.918,-337.2659,185.6561,-134.40842,21.940426,20.350176,-67.45057,30.450674,10.996793,-49.206398,16.062132,4.3472977,-23.71115,18.187748,0.1623471,0.1331277,-0.10340166,0.14060423,0.14450371,0.0027769797,-0.04317888,-0.06042564,0.07319079,0.04640716,-0.108159,-0.012541729,0.046652734,1,AH_545622720-E1486AF6-8C95-47EB-829B-4D62698C987A.wav
0.0038037366559413744,2.1863495108717378e-05,0.0009266854623401595,0.0015368134302264132,0.04992361122818945,0.48445834532449356,0.02193331153894572,0.029879777726239166,16.236619106912798,16.236619106912798,16.236619106912798,16.236619106912798,16.236619106912798,0.05152839287718549,0.3106,0.6136,0.2815,0.918,-274.8378,154.17311,-153.21307,-21.35096,-3.3776054,-72.85983,13.552891,12.860532,-38.344917,1.4683839,-1.5390579,-11.909965,14.160338,-0.20840947,-0.38976413,0.0013166631,-0.13280278,-0.098101996,0.12430271,0.015273739,0.02498864,0.0075343926,-0.10776025,0.04717216,0.087657206,-0.060551412,1,AH_545622722-3C79DA68-36BB-43A2-B29C-61AEF480E07E.wav
0.004463208991701104,2.3424105441219786e-05,0.0023316802157807765,0.0026384522542192215,0.06138980190159673,0.5381265035121414,0.031428655194452135,0.04344075658754128,18.117124744460913,18.117124744460913,18.117124744460913,18.117124744460913,18.117124744460913,0.06386376177137881,0.3106,0.6136,0.2815,0.918,-316.67874,163.0529,-113.36088,-21.566978,-27.554552,-78.06247,13.840394,13.518922,-22.134851,15.481821,-10.900041,-29.322231,5.5315647,-0.2912447,0.0013661687,0.2739779,0.14773192,-0.018217802,0.011733512,0.043691225,0.050331198,0.039596044,-0.08761907,-0.09240218,0.034355845,0.055027135,1,AH_545629296-C2C009C6-8C17-42EA-B6BE-362942FC4692.wav
0.0050236204979972506,3.133028286507997e-05,0.002614002599868198,0.0028392400379947513,0.0943693920726444,0.846650073676388,0.04435476239788956,0.05827792718923167,14.919705878986269,14.919705878986269,14.919705878986269,14.919705878986269,14.919705878986269,0.07919525669323652,0.3106,0.6136,0.2815,0.918,-351.28494,183.87286,-100.23951,-29.930449,-21.009207,-59.04993,12.325584,1.7637777,-31.11216,6.3452926,-10.10081,-18.735247,12.791874,-0.2924879,-0.503099,0.40430504,0.16658632,-0.07595382,0.14477406,0.007002579,-0.021753222,0.006002516,-0.10598465,0.021217912,0.043357458,-0.11647368,1,AH_545643618-82A143AC-B643-4273-A923-C42A83AEEC5F.wav
0.003973444798374456,2.7928484245326554e-05,0.001952497849486838,0.002370496931933278,0.08416393320410757,0.7396293315029345,0.040736504158997544,0.0541788811559774,15.327414551973174,15.327414551973174,15.327414551973174,15.327414551973174,15.327414551973174,0.08448522100492863,0.3106,0.6136,0.2815,0.918,-338.89047,184.94287,-109.96104,-23.3766,-17.038317,-64.85604,11.756126,-7.156729,-49.29836,7.71439,7.0258274,-10.582874,13.304982,-0.58766,-0.9972112,0.2856135,-0.08120161,-0.21977536,0.10919958,-0.20166218,-0.1453066,0.06582961,-0.14047049,0.0029436399,0.14263923,-0.041663423,1,AH_545648867-CB17D873-1CEA-492A-B5B0-93C7463F516C.wav
0.004020348865509731,1.3643662226376146e-05,0.002215488075578916,0.002330087365276203,0.08605410651752371,0.752886671079477,0.04808037548696615,0.05563643581137755,13.647935762781096,13.647935762781096,13.647935762781096,13.647935762781096,13.647935762781096,0.06406407625516904,0.3106,0.6136,0.2815,0.918,-275.14047,145.88394,-191.7024,-11.824024,14.562302,-86.97034,-1.0033869,0.1516813,-47.753513,14.818416,4.178767,-31.327051,0.014993885,-0.53756326,0.19248569,-0.16517168,0.08045301,0.05645479,-0.05392317,0.008797338,-0.061073374,-0.08392948,-0.0013562611,-0.070644744,-0.122206554,-0.018745571,1,AH_545692309-EA8C4DC0-9B2A-4CC7-A490-851A2129A733.wav
0.0030298555299209636,1.8935185705416303e-05,0.001319337010786428,0.0014864929923187112,0.04452141510344192,0.36851278504698853,0.024288180604300182,0.02678619847331794,17.968013131752382,17.968013131752382,17.968013131752382,17.968013131752382,17.968013131752382,0.03468419671834851,0.3106,0.6136,0.2815,0.918,-367.66693,124.242485,-142.87018,-31.914469,-22.05656,-65.76518,28.516663,17.583958,-36.324894,6.3324904,2.809963,-13.542041,5.7727294,-0.4867717,-0.37517017,0.26103762,-0.017771676,-0.053467393,0.1478154,-0.039318297,-0.047840532,0.03207752,-0.05356161,0.04104268,0.09902182,-0.009926996,1,AH_545692315-C2972597-9AEC-4060-A186-F1F59340640C.wav
0.010382620370241987,5.568305926883432e-05,0.005449336134229032,0.005756987726176942,0.15966549107056346,1.4441609190890612,0.07981132232869124,0.09966186766769543,9.686956083445324,9.686956083445324,9.686956083445324,9.686956083445324,9.686956083445324,0.12488721597305166,0.3106,0.6136,0.2815,0.918,-328.5884,183.0757,-130.40912,-23.968498,-5.9085536,-55.1051,28.913536,9.685198,-44.04707,5.13441,-3.3259153,-24.208921,9.8920145,0.37861082,-0.10358685,0.40426275,-0.35252964,-0.45041376,0.51456714,0.43342373,-0.0046245568,0.08490851,0.19867332,0.17915559,-0.018050503,-0.18613537,1,AH_545713221-1E77C030-4558-4A88-B1A2-6AB777ACAE61.wav
0.01110110504628849,5.949820605827146e-05,0.006459396102642146,0.007298812394522509,0.09793323630532114,0.9001743005112353,0.05083009962117623,0.0664231343887938,12.407027838676687,12.407027838676687,12.407027838676687,12.407027838676687,12.407027838676687,0.08710979860258945,0.3106,0.6136,0.2815,0.918,-375.88522,179.91377,-93.10513,-5.738809,-7.0240817,-57.379215,21.398657,11.899595,-26.819675,13.682922,-3.4095228,-20.708162,5.4618583,-0.6076317,-0.5499101,0.47849783,0.07917978,-0.085510924,0.17551798,-0.054667402,-0.038013894,0.09037348,-0.060504314,0.066936135,0.12249113,-0.050501786,1,AH_545713222-DA13DC3A-F24B-454E-984F-19DF19328D39.wav
0.003117890348854341,1.5397552859429225e-05,0.0014737981743448464,0.0016409407983893434,0.04407843638148087,0.4028651885167575,0.019313381722439626,0.025406033689861395,18.505331399243936,18.505331399243936,18.505331399243936,18.505331399243936,18.505331399243936,0.03911082529072079,0.3106,0.6136,0.2815,0.918,-428.97565,131.28383,-118.604164,-22.408955,-9.815407,-49.89784,23.342794,4.007578,-34.651558,17.230377,0.95822203,-26.662973,8.305198,-0.05325116,-0.4951056,0.26870286,0.149611,-0.082555965,-0.036811594,-0.2090196,-0.16889262,0.037074164,0.13239886,0.20975411,0.10084042,-0.023335665,1,AH_545713223-E6D59EE5-4C3F-4B40-AE8F-0657EF94DB66.wav
0.007971326928237673,7.53291159027954e-05,0.003591394578707579,0.00546316877859085,0.10051642245400548,0.9048643010558649,0.052425535245155405,0.0712956844080614,11.693543752360371,11.693543752360371,11.693543752360371,11.693543752360371,11.693543752360371,0.09540852927514273,0.3106,0.6136,0.2815,0.918,-342.44397,189.60861,-128.402,-11.478303,4.243627,-73.00332,3.8572872,4.0261703,-49.651188,-3.5900106,7.7083406,-3.371979,21.547611,-1.2551417,0.7956499,-0.09279389,0.112044804,0.056126095,0.028623968,0.05413377,-0.17334455,-0.028492333,0.14313425,-0.057166994,-0.0027618515,0.18093665,1,AH_545713224-1B3708B0-8792-4FEE-B03B-C7CB9CB03D58.wav
0.009744838246097925,7.147736659969692e-05,0.0053375375518074294,0.005849248211384794,0.14134089530068455,1.2978353592192757,0.07469353778520903,0.0942338139139971,7.190161051805587,7.190161051805587,7.190161051805587,7.190161051805587,7.190161051805587,0.12091608845077602,0.3106,0.6136,0.2815,0.918,-306.7925,224.84415,-126.25695,-4.1242256,-1.9982533,-65.44517,40.850487,20.319231,-46.24561,6.458891,-1.5175084,-19.39874,13.560142,-0.13820763,-0.038816538,0.6742829,0.25027004,0.18061481,0.3127106,-0.061641086,0.01251607,0.13659932,-0.2024297,-0.12595293,0.098692596,-0.08453275,1,AH_545743929-E2EAE1A3-7E46-4DCF-8DB7-37A5CA47DB9D.wav
0.004013890866133832,1.777806867322486e-05,0.0020888211074396564,0.0023460228604301756,0.07082342065837673,0.6392533942268931,0.03561985283358423,0.043891779407485634,16.91738713982762,16.91738713982762,16.91738713982762,16.91738713982762,16.91738713982762,0.06437382034190715,0.3106,0.6136,0.2815,0.918,-334.52487,146.7215,-147.41785,-41.554546,-11.676737,-56.40109,19.387737,7.223522,-40.168144,6.2715206,3.0710425,-18.567661,6.7068195,-0.34204385,-0.9595285,0.48883888,0.019470662,-0.14325523,0.19706225,-0.12465164,-0.0773007,0.1970306,-0.009975264,0.009285769,0.13772705,0.038588237,1,AH_545753013-FCFF8F46-08FF-4C87-B443-D2039E5DA945.wav
0.005411408527361861,2.6422879047562594e-05,0.0029013692509855184,0.0033225726292213692,0.07312714308553973,0.687921357467798,0.03539690928011077,0.04598677327226274,15.049324313778522,15.049324313778522,15.049324313778522,15.049324313778522,15.049324313778522,0.06050660662062603,0.3106,0.6136,0.2815,0.918,-347.20355,177.57234,-147.14113,-25.754698,12.127582,-52.433716,11.0156765,4.153264,-35.04985,10.010682,-1.0270662,-25.953371,0.3019279,-0.6603083,-0.7096312,0.2904359,0.039546307,0.013417579,0.22354312,-0.053954605,-0.027621051,0.10027557,-0.002364277,0.085599326,0.059472058,-0.07112256,1,AH_545753014-C68926CC-AB91-49AF-90A6-BB5C434283DB.wav
0.005179794375818926,2.5554026187018787e-05,0.003059828129961459,0.0029058836012367576,0.09609176507718803,0.8367083646439138,0.04919592767155656,0.0580575972669124,11.431544293020684,11.431544293020684,11.431544293020684,11.431544293020684,11.431544293020684,0.08293857269916484,0.3106,0.6136,0.2815,0.918,-314.273,174.82149,-144.24178,-0.68427783,0.6979473,-69.23664,20.880867,-2.459843,-40.76892,20.37695,1.2240335,-10.615043,14.244285,-0.14887789,-0.4243107,0.49124685,0.22513783,-0.21259564,-0.0151252085,0.012995373,-0.007478296,0.052893754,-0.0678487,-0.044105623,0.09981502,0.026648022,1,AH_545753015-58CAA743-BA9A-47E0-B9EF-CC35E9EFB839.wav
0.012206985547198537,6.746789639993823e-05,0.006639022647311517,0.006768888735616489,0.07123848120092015,0.7077643580001012,0.03991831444035702,0.044694436255685185,15.717814432119741,15.717814432119741,15.717814432119741,15.717814432119741,15.717814432119741,0.058867847560294964,0.3106,0.6136,0.2815,0.918,-344.65906,166.77386,-141.4036,-37.2428,-16.409666,-60.38075,22.180523,7.166733,-36.76822,7.38193,-5.0776005,-13.879957,16.06951,0.8611338,0.5860876,0.34647414,-0.7193757,-0.29339907,0.30194306,-0.2632899,-0.11319234,0.25897643,-0.20153184,-0.14488693,0.20682691,-0.078370035,1,AH_545789668-A4F6069C-5E1A-49F5-9EDC-59C6EB833E42.wav
0.005895900658725982,3.3343975956645776e-05,0.00256447331707164,0.0029801663304697633,0.08316368059480238,0.8006826222358299,0.03781469051637226,0.051603203516384026,16.09203556461566,16.09203556461566,16.09203556461566,16.09203556461566,16.09203556461566,0.07250587233646483,0.3106,0.6136,0.2815,0.918,-346.02002,178.6073,-94.680244,-25.617521,-23.260847,-59.468235,21.204178,11.735665,-30.22312,4.0260415,-10.986004,-23.478333,7.550636,-0.8577511,-0.83390445,0.7933894,0.35118535,0.0855646,0.30873883,-0.14930043,-0.12605435,0.072657265,-0.23728058,-0.16078942,0.029696643,-0.09254547,1,AH_545789670-C297FD53-BF71-4183-86A0-58E5E1EB0DF8.wav
0.0032035620668630785,1.419375078948007e-05,0.001609816556348671,0.0017406472321451574,0.040767106043171165,0.3769066864376444,0.020990020248632533,0.025626833875104487,19.81934466191745,19.81934466191745,19.81934466191745,19.81934466191745,19.81934466191745,0.0322987765575728,0.3106,0.6136,0.2815,0.918,-329.36746,153.9963,-124.683334,-34.884594,-20.577358,-60.050087,19.291046,8.882506,-29.570217,15.077817,2.1733472,-22.007296,-1.8831216,-0.18047366,-0.11277946,-0.031878266,0.01055016,-0.010776411,-0.04243207,-0.029314611,-0.015669087,-0.021082291,0.02475823,0.08666327,0.013439655,-0.05621164,1,AH_545789671-794D2256-DDFF-4009-8BA8-8A306C8FA14F.wav
0.009004562236498847,3.218928660867129e-05,0.005169211724527878,0.005762585883109687,0.08724509504774107,0.7725146240534593,0.0443581331376034,0.05807030985840948,13.578428996766124,13.578428996766124,13.578428996766124,13.578428996766124,13.578428996766124,0.07886155554593745,0.3106,0.6136,0.2815,0.918,-329.9033,184.90326,-122.71715,5.729018,10.358612,-64.19809,16.160097,-4.3057556,-50.75381,14.341784,-0.36085683,-38.05516,-6.4776883,-0.2810906,-1.2072772,0.1503376,-0.07425158,-0.14612736,0.1952276,-0.036760524,-0.00932887,0.08415438,-0.050249476,0.0706208,-0.06522456,-0.25093508,1,AH_545789674-53885025-35F1-48C1-9826-BAAEB8BEAF58.wav
0.0036858750650738356,2.4825564385138654e-05,0.0020100093798619714,0.0022537353879227696,0.0504062221011704,0.4493682874684297,0.026823773388809806,0.033046761581510015,15.771208819561364,15.771208819561364,15.771208819561364,15.771208819561364,15.771208819561364,0.03964469886576969,0.3106,0.6136,0.2815,0.918,-392.55017,162.78568,-131.21892,-15.943206,-8.65148,-74.26561,20.00041,24.268677,-34.81766,-2.2874875,-3.519529,-17.219316,3.1033194,-0.054252036,-0.7834887,0.45817977,-0.048860315,-0.019691907,0.4090989,-0.081182,-0.1609421,0.13204034,-0.040714364,-0.0020882066,0.14270568,-0.01968519,1,AH_545789675-243F18DB-4432-4C87-B12C-6EEC2D2D30D6.wav
0.003104308237113253,1.3385506806400925e-05,0.001548332230933127,0.0018883781013677645,0.045058523446430986,0.37554689160530097,0.022663723961403988,0.02742589043456747,18.96304968191679,18.96304968191679,18.96304968191679,18.96304968191679,18.96304968191679,0.03731245569063353,0.3106,0.6136,0.2815,0.918,-366.40833,155.52841,-130.00061,-34.366352,-14.378176,-51.435642,27.647266,6.7234907,-45.7264,0.6180769,-0.5770938,-18.497993,4.7873883,-0.45589447,-0.63819706,1.0643973,0.08792443,-0.45018786,0.27685067,-0.0067161643,-0.0027426719,0.14263117,-0.28506723,-0.029981948,0.3458666,0.05761717,1,AH_545789677-D381D801-B073-4945-BE0D-E250126EA6B1.wav
0.0033050753742984245,1.4553070372080318e-05,0.0015969752133496436,0.0021178616164289708,0.054040517144852605,0.47751244843834795,0.02673116960538717,0.035298497693977214,15.17562830758559,15.17562830758559,15.17562830758559,15.17562830758559,15.17562830758559,0.05350267245462336,0.3106,0.6136,0.2815,0.918,-310.25397,159.15736,-145.30382,-20.678076,-17.715307,-61.205322,32.540535,-7.5973606,-44.63764,28.6812,-3.640528,-26.53728,15.604847,-0.9043049,0.5288427,-0.77420956,0.27722153,0.23172928,-0.27477467,0.068428054,-0.17138003,-0.24386315,0.27841166,0.08657341,-0.13291623,0.14324535,1,AH_545789680-7FF9D4F1-DDCC-4CB6-8668-76530D670FA5.wav
0.0030233955346828096,1.707620935895981e-05,0.00165952822773206,0.001797128303586294,0.05151986940463419,0.4561506643710015,0.026932643906128137,0.03314097040610656,17.25540238039225,17.25540238039225,17.25540238039225,17.25540238039225,17.25540238039225,0.04622255180703422,0.3106,0.6136,0.2815,0.918,-343.8112,190.53891,-118.55825,-22.39711,0.39988402,-43.867714,24.279657,0.9337863,-39.111973,8.647146,-8.54127,-26.472656,6.028261,-0.8321056,0.60398805,-0.33871728,0.1416089,0.10301421,-0.09032647,0.06821635,-0.038271334,-0.11555879,0.047499385,-0.010838527,-0.08919843,0.03558976,1,AH_545789682-7554E0C7-4E25-49C3-9E6C-04D525455E28.wav
0.014235752339417491,7.730956091150708e-05,0.007899395073707183,0.009284676552902054,0.13162649236266402,1.1664004984475593,0.06915910690744378,0.08254460908714414,7.940340392511285,7.940340392511285,7.940340392511285,7.940340392511285,7.940340392511285,0.09280802840946385,0.3106,0.6136,0.2815,0.918,-378.51978,170.25868,-97.39536,1.7143077,4.566059,-58.459442,14.02071,12.419539,-30.10875,0.61425984,-5.3906946,-10.940134,8.490325,-0.25891364,-0.3508321,0.17264158,-0.01594658,-0.09112244,0.118889496,0.042492576,0.029289296,0.045828987,-0.058126703,-0.003034163,0.028035868,-0.050506458,1,AH_545789690-DA26461A-AF40-4A43-9662-3A93EE872359.wav
0.002299425898743529,1.1549376118347817e-05,0.0011474833814609485,0.0013697264287360071,0.05280457195531527,0.46377026474123373,0.029346904510987346,0.03315225185574672,18.96396591274106,18.96396591274106,18.96396591274106,18.96396591274106,18.96396591274106,0.048935469440750536,0.3106,0.6136,0.2815,0.918,-322.24738,165.3315,-165.11377,-28.14279,-1.107474,-65.0982,19.349707,6.342079,-39.21839,17.822906,-1.3379189,-31.884417,9.226444,-0.043712113,-0.37160692,0.41415307,-0.11121666,0.030306114,0.26652953,-0.003293871,-0.09676933,0.18671152,0.09698936,0.0045920755,0.13333496,0.063305765,1,AH_545806325-8A17002B-CFD3-4DCF-8854-04F0F2BFF21B.wav
0.011110384122105596,5.3331374216262444e-05,0.006698048118473325,0.006714111769176973,0.08968733740069271,0.8027526845725983,0.04272425505800449,0.053693195625366466,12.462568554118693,12.462568554118693,12.462568554118693,12.462568554118693,12.462568554118693,0.07557089491869094,0.3106,0.6136,0.2815,0.918,-380.96387,158.44157,-95.71516,31.456354,23.750732,-58.67451,12.605344,-4.3132353,-51.8367,2.6915386,-1.4034175,-18.302572,14.046918,-1.1696482,-0.5810063,0.36350694,-0.11207722,-0.062728874,0.24634351,-0.029950485,0.044258755,0.24660954,0.068782374,0.057722785,0.055370126,-0.047699098,1,AH_545806326-BD0FE665-1AD5-4F55-8342-0FAB8B15680B.wav
0.0064234886700135566,5.1071062347744486e-05,0.0034365899080578298,0.004069705002343995,0.0843673666517564,0.8072629317543867,0.04216872509361601,0.053064562309733124,12.63649600090451,12.63649600090451,12.63649600090451,12.63649600090451,12.63649600090451,0.08215201663457644,0.3106,0.6136,0.2815,0.918,-385.6042,143.63261,-127.73323,-22.646452,-15.130074,-63.02683,32.08003,25.3196,-32.41018,8.717749,2.3037052,-20.573132,13.632377,-0.45399886,-0.17654209,-0.09175339,-0.04185697,0.06374255,0.049032405,0.007534683,0.01708971,0.05825835,0.0413361,0.0025168,-0.025264306,-0.03704408,1,AH_545812844-DFBCDA22-CADB-444A-9623-16A39D45E9E7.wav
0.011648623750539856,9.659159616205013e-05,0.00642467861425261,0.0069336154744440125,0.1319576657390653,1.2433167462955932,0.06578274614066508,0.08136810223296397,9.696407733543234,9.696407733543234,9.696407733543234,9.696407733543234,9.696407733543234,0.10646550604404574,0.3106,0.6136,0.2815,0.918,-344.19974,175.436,-124.32374,-12.798157,-18.276066,-94.54442,7.2583814,22.725258,-33.42021,4.5833073,8.231691,-11.699966,6.631181,-0.04468171,-0.35439435,0.19207248,0.15235342,-0.0010528336,-0.023834588,-0.024218507,0.025452785,-0.039661035,-0.053360425,0.05709123,-0.032597594,-0.06668849,1,AH_545812846-0C14B32A-6C50-4B62-BC89-0A815C2DEEFA.wav
0.0022360663844517574,1.0631458582379387e-05,0.000822471574396465,0.0010745538599616824,0.05161586701802326,0.46434675031944367,0.027122326078456438,0.03123989227792067,18.007534276932123,18.007534276932123,18.007534276932123,18.007534276932123,18.007534276932123,0.043648284885131075,0.3106,0.6136,0.2815,0.918,-315.62338,143.21027,-158.05365,-28.875572,-10.865506,-66.56844,15.658373,-0.674462,-38.239403,10.328617,-13.064626,-20.573206,19.130587,-0.67537767,0.5361914,-0.38724074,-0.27142966,0.037058268,0.1119767,-0.06964599,-0.17947073,-0.076911904,-0.18859892,-0.21077245,0.03127278,0.0386788,1,AH_545834603-857E007F-1CCF-4249-8160-3A0F3F5AB58D.wav
0.006229574799154221,2.736748899759426e-05,0.0034957020576719747,0.0036056281646133204,0.06126797652836551,0.6359773472307586,0.02972635430883492,0.04009359236102929,15.882809267591776,15.882809267591776,15.882809267591776,15.882809267591776,15.882809267591776,0.05826388258838643,0.3106,0.6136,0.2815,0.918,-346.99118,171.3774,-114.738594,-12.16713,1.8343208,-52.142002,13.1631,-11.185128,-48.273693,11.880301,2.411912,-24.427177,0.88050574,-1.7301378,-1.4951898,0.43540278,0.16480114,-0.03495781,0.17710161,-0.101151325,0.032991067,0.24430962,0.04327791,0.031332254,-0.06853341,-0.19311932,1,AH_545841221-6FC57E6E-65B6-4859-A15A-55856D7E75C0.wav
0.007403597825666924,4.352073134343379e-05,0.0036032370147569583,0.004530836302149992,0.12218313117179073,1.1956107735286612,0.06211056460368387,0.07239378877914553,11.412779755403479,11.412779755403479,11.412779755403479,11.412779755403479,11.412779755403479,0.10693393596642739,0.3106,0.6136,0.2815,0.918,-380.14075,143.93663,-87.46662,-30.774103,-20.474007,-48.670517,12.181569,0.6164714,-36.481827,-1.9128132,2.9621115,-1.351095,12.540598,-1.0701387,-0.9413442,0.4070053,-0.195839,-0.3906098,0.2148622,0.18479888,0.12336985,0.13434385,-0.14769764,-0.12283954,0.060586344,0.07280412,1,AH_545841222-DE5AEF27-7F4E-45A4-BF7D-9E87E7A786AE.wav
0.005726244929968039,3.2679085053050665e-05,0.0033002550207314706,0.0031337527110165964,0.07661359984399237,0.7475282621543775,0.04091589216385908,0.04881019209840961,12.400354779536013,12.400354779536013,12.400354779536013,12.400354779536013,12.400354779536013,0.0643689141288099,0.3106,0.6136,0.2815,0.918,-409.09396,124.85881,-115.89016,-18.654884,-14.779334,-49.219578,31.50639,-0.18464056,-46.501606,12.927768,0.7898092,-23.30777,14.76727,-0.90911,0.0014713524,-0.10787452,0.12155431,-0.09437126,-0.103328004,0.11598014,0.025107715,-0.03470964,0.046249196,-0.04830039,-0.09241403,-0.00603119,1,AH_545841223-24FB0419-5BAE-4F9C-8EBC-CD62DA6590D2.wav
0.003077975808056835,1.8151457780271897e-05,0.0015830759926376444,0.0018245541630750562,0.07092505407661001,0.6388526276211027,0.032363076591914716,0.04325978497247839,15.889464299426072,15.889464299426072,15.889464299426072,15.889464299426072,15.889464299426072,0.07794094008508098,0.3106,0.6136,0.2815,0.918,-421.68082,127.27004,-100.17352,-17.32804,-23.804539,-65.894844,21.306156,14.742564,-36.471222,1.8355255,3.2170486,-11.217797,11.044548,-0.19209164,-0.37128824,0.19046865,-0.05089385,-0.110510334,0.055014435,-0.05708,-0.019327007,0.08886415,0.0014504773,0.012889485,0.03361566,-0.042073976,1,AH_545841226-C699FC9E-1E0C-474D-A12A-936DD92B8980.wav
0.0036138856422430355,1.3937188595582736e-05,0.0019267255027923531,0.00206870767602162,0.04781775545349234,0.44024204877418266,0.02500872687711514,0.029074216048502625,19.50759588939699,19.50759588939699,19.50759588939699,19.50759588939699,19.50759588939699,0.03531104863974304,0.3106,0.6136,0.2815,0.918,-324.67447,116.4294,-175.82097,-17.951004,29.131433,-46.51027,3.2662063,-1.805493,-20.801435,21.444872,-20.235897,-40.230488,19.526848,-0.98297405,-0.5815336,1.2034711,0.11165008,-0.30289719,0.34836018,-0.2385256,-0.2446763,0.0090903295,-0.27100584,0.09841367,0.1368447,-0.3853658,1,AH_545841227-5C77713A-66F1-49D0-BC8A-702C152E668D.wav
0.007151929094862625,5.7036213437759356e-05,0.004032870710676822,0.004486973309747931,0.07894090586923265,0.7292150643391273,0.04103517631341352,0.05122797714102801,11.386954362575755,11.386954362575755,11.386954362575755,11.386954362575755,11.386954362575755,0.06965362164391226,0.3106,0.6136,0.2815,0.918,-355.1828,197.88933,-115.48307,-3.8458164,4.0439644,-64.31765,13.494931,2.9649227,-45.18925,-1.7377125,-4.531354,-9.06144,16.713366,-0.31770238,-1.0073178,0.58448917,-0.019857649,-0.17855746,0.27916086,-0.12602164,0.029008796,0.20894925,-0.29557568,-0.19916822,0.079821095,-0.04203554,1,AH_545847410-D1BA3BB4-1F61-44CA-ACDE-455A8E97E04B.wav
0.00745061139041413,6.702680013921689e-05,0.0039899712215225374,0.004241741676130973,0.10185993066662921,0.9022887556196022,0.05674454530542726,0.06279459108066494,7.7149179895636735,7.7149179895636735,7.7149179895636735,7.7149179895636735,7.7149179895636735,0.07344802877757714,0.3106,0.6136,0.2815,0.918,-297.03467,205.99321,-169.21402,-28.44218,-6.900512,-77.39484,25.956167,10.623163,-51.79155,13.043577,6.357901,-24.05267,9.302377,-0.30138552,-0.21779458,0.027352557,-0.11919444,-0.11688117,0.06592976,-0.011451168,-0.010285087,0.043449357,-0.043165505,0.01292881,0.0713073,-0.0068378095,1,AH_545880204-EE87D3E2-0D4C-4EAA-ACD7-C3F177AFF62F.wav
